clause,label
"We may share your personal information with third parties for marketing purposes.",Data Privacy Risk
"We collect your browsing history and track your activities across websites.",Data Privacy Risk
"Your data will be sold to our affiliates.",Data Privacy Risk
"You grant us the right to monitor your private messages and user content.",Data Privacy Risk
"Analytics tools from third parties are used to track your behavior.",Data Privacy Risk
"We are not responsible for how third parties use your shared data.",Data Privacy Risk
"We may share your location info with our advertising partners.",Data Privacy Risk
"Your personal information is collected and sold.",Data Privacy Risk
"By using this service, you consent to third-party data tracking.",Data Privacy Risk
"Data will be given to analytics companies.",Data Privacy Risk
"Our partners may access your personal records.",Data Privacy Risk
"We track your cookies for targeted advertising.",Data Privacy Risk
"Your contact details may be distributed to sponsors.",Data Privacy Risk
"We use web beacons to monitor your usage.",Data Privacy Risk
"Device information is logged and shared with vendors.",Data Privacy Risk
"We distribute your profile info to third party apps.",Data Privacy Risk
"Your demographic info is sold to data brokers.",Data Privacy Risk
"Cross-site tracking is enabled by default.",Data Privacy Risk
"Your search queries are logged and analyzed by partners.",Data Privacy Risk
"We share your IP address with analytical services.",Data Privacy Risk
"This subscription automatically renews every month.",Financial Risk
"You will be charged a hidden fee of $50 upon cancellation.",Financial Risk
"We will automatically deduct the annual fee from your account.",Financial Risk
"By continuing, you agree to automatic monthly payments.",Financial Risk
"A subscription fee applies after the free trial expires.",Financial Risk
"Hidden charges may apply without prior notice.",Financial Risk
"You agree to an auto-renewing subscription.",Financial Risk
"Automatic billing will commence at the end of the trial.",Financial Risk
"You will be billed automatically every year.",Financial Risk
"Subscription will auto-renew.",Financial Risk
"We deduct fees directly from your linked card.",Financial Risk
"You will incur a processing fee for every transaction.",Financial Risk
"Late payment results in a compounding interest charge.",Financial Risk
"The free trial rolls into a paid subscription unless canceled 24 hours prior.",Financial Risk
"A cancellation fee applies if you leave early.",Financial Risk
"You are subject to hidden surcharges.",Financial Risk
"By registering, you authorise monthly recurring charges.",Financial Risk
"Maintenance fees are automatically deducted annually.",Financial Risk
"An administrative fee will be charged for account setup.",Financial Risk
"Your payment method will be charged on a recurring basis.",Financial Risk
"We limit our liability to the maximum extent permitted by law.",Liability Risk
"You agree to indemnify and hold us harmless from any claims.",Liability Risk
"The service is provided 'as is' without any warranties.",Liability Risk
"We shall not be liable for any indirect or consequential damages.",Liability Risk
"You indemnify us against all losses and costs.",Liability Risk
"Our liability is strictly limited to $100.",Liability Risk
"Limitation of liability applies to all users.",Liability Risk
"We disclaim all warranties, express or implied.",Liability Risk
"You use this service at your own risk.",Liability Risk
"We are not responsible for any damage to your device.",Liability Risk
"The company is absolved of any responsibility regarding data loss.",Liability Risk
"We expressly disclaim all implied warranties of merchantability.",Liability Risk
"You agree not to hold us liable for any service interruptions.",Liability Risk
"Our aggregate liability shall not exceed the amount you paid.",Liability Risk
"We bear no responsibility for third-party content.",Liability Risk
"You defend us against any arising legal actions.",Liability Risk
"We assume no liability for personal injury.",Liability Risk
"The platform is provided without guarantees of accuracy.",Liability Risk
"We make no reps or warranties about the reliability.",Liability Risk
"You release us from any claims or damages.",Liability Risk
"We may terminate your account at any time without notice.",Termination & Refund Risk
"No refunds will be provided under any circumstances.",Termination & Refund Risk
"We reserve the right to terminate your access at our sole discretion.",Termination & Refund Risk
"All sales are final and no refunds will be issued.",Termination & Refund Risk
"Your account can be terminated for any reason.",Termination & Refund Risk
"We can cancel this agreement at our sole discretion.",Termination & Refund Risk
"You will not get a refund if you cancel early.",Termination & Refund Risk
"We offer no refunds for unused portions of subscriptions.",Termination & Refund Risk
"Termination may happen without prior warning.",Termination & Refund Risk
"We withhold the right to refuse a refund.",Termination & Refund Risk
"Payments are non-refundable, even for partial months.",Termination & Refund Risk
"We may temporarily suspend your access with no refund.",Termination & Refund Risk
"Cancellation requests do not guarantee a refund.",Termination & Refund Risk
"If we close your account, you lose all purchased credits.",Termination & Refund Risk
"We retain the right to deny service at any time.",Termination & Refund Risk
"No proportional refunds are given.",Termination & Refund Risk
"We may ban you entirely from our platform without recourse.",Termination & Refund Risk
"Refunds are entirely subject to management discretion.",Termination & Refund Risk
"Access may be permanently revoked out of nowhere.",Termination & Refund Risk
"Your digital content could be wiped upon termination.",Termination & Refund Risk
"You waive your right to participate in a class action lawsuit.",Arbitration
"Any disputes will be resolved by binding arbitration.",Arbitration
"You must resolve any claims through arbitration.",Arbitration
"You give up your right to go to court.",Arbitration
"All claims will be subject to binding arbitration.",Arbitration
"Class action waiver applies to all users.",Arbitration
"You waive your right to a trial by jury.",Arbitration
"Disputes are to be settled via arbitration.",Arbitration
"Arbitration is the sole venue for dispute resolution.",Arbitration
"You cannot bring a class action against us.",Arbitration
"You must resolve legal matters via an arbitrator.",Arbitration
"No jury trial will be permitted.",Arbitration
"You cannot join claims with other users in a class action.",Arbitration
"All proceedings are required to go to arbitration.",Arbitration
"Jury waivers are strictly enforced.",Arbitration
"You forfeit your right to litigate in a traditional court.",Arbitration
"Any disagreement must be arbitrated individually.",Arbitration
"You waive the capacity to serve as a class representative.",Arbitration
"Arbitration procedures will replace typical courtroom trials.",Arbitration
"Disputes must go to an alternative dispute resolution process.",Arbitration
"Welcome to our platform.",No Risk
"This section describes how to use our service.",No Risk
"Please contact customer support if you need help.",No Risk
"You can change your password in the settings menu.",No Risk
"The application interface has three main tabs.",No Risk
"Our company was founded in 2020.",No Risk
"To log in, enter your username and password.",No Risk
"Here are the instructions on how to upload a file.",No Risk
"Click the button to save your profile changes.",No Risk
"Thank you for using our web application.",No Risk
"The dashboard provides an overview of your activity.",No Risk
"You can adjust the volume in the audio settings.",No Risk
"Press enter to submit your form.",No Risk
"Please read the user manual located in the help center.",No Risk
"The color theme can be changed to dark mode.",No Risk
"We offer email support from 9am to 5pm.",No Risk
"This guide provides tips on navigating the site.",No Risk
"Select your preferred language from the dropdown.",No Risk
"You can export your summary as a PDF.",No Risk
"Feel free to leave feedback on our contact page.",No Risk
